Название вакансии,URL,Название компании,Описание,цна
Machine Learning Developer (AWS),https://hh.ru/vacancy/35380437?query=python,ООО ClearScale,"We are hiring for a 2-year-long project related to a migration from a 3rd party cloud to...Hands-on experience with ElasticSearch. Hands-on experience with advanced Python data frameworks (Seaborn, PyTorch, Dask). Valid AWS certificates would...",от 320 000 руб.
Ведущий разработчик Python/программист Python,https://hh.ru/vacancy/35486182?query=python,ООО Инфософт Сервис,"Разработка серверной части действующего продукта - сервис электронной торговой площадки. Участие в разработке новых сервисов компании.Уверенное знание Python (опыт от 3х лет). Опыт работы и понимание асинхронной архитектуры (фреймворки asyncio, aiohttp, tornado). ",70 000-120 000 руб.
Full Stack Python Developer (remote),https://hh.ru/vacancy/35384957?query=python, Nitka Technologies,Design API interfaces. - Evaluate and select appropriate technologies for scalable platform solutions. - Implement best practices for code quality. - 5+ years of experience in enterprise IT. - Python skills. - Strong javascript skills. - Data processing skills (DBs: SQL and NoSQL). - ,3 000-3 500 USD
Full Stack Python Developer (remote),https://hh.ru/vacancy/35384954?query=python, Nitka Technologies,Design API interfaces. - Evaluate and select appropriate technologies for scalable platform solutions. - Implement best practices for code quality. - 5+ years of experience in enterprise IT. - Python skills. - Strong javascript skills. - Data processing skills (DBs: SQL and NoSQL). - ,3 000-3 500 USD
Python-developer,https://hh.ru/vacancy/35276223?query=python,ИП Черкасов Константин Юрьевич,"Хорошее знание языка Python. Опыт работы с flask, sqlalchemy, MySQl/PostgreSQL. Дополнительные плюсы: Опыт работы с микросервисной архитектурой, опыт работы...",50 000-90 000 руб.
Full Stack Python Developer (remote),https://hh.ru/vacancy/35384956?query=python, Nitka Technologies,Design API interfaces. - Evaluate and select appropriate technologies for scalable platform solutions. - Implement best practices for code quality. - 5+ years of experience in enterprise IT. - Python skills. - Strong javascript skills. - Data processing skills (DBs: SQL and NoSQL). - ,3 000-3 500 USD
Full Stack Python Developer (remote),https://hh.ru/vacancy/35384959?query=python, Nitka Technologies,Design API interfaces. - Evaluate and select appropriate technologies for scalable platform solutions. - Implement best practices for code quality. - 5+ years of experience in enterprise IT. - Python skills. - Strong javascript skills. - Data processing skills (DBs: SQL and NoSQL). - ,3 000-3 500 USD
Full Stack Python Developer (remote),https://hh.ru/vacancy/35384955?query=python, Nitka Technologies,Design API interfaces. - Evaluate and select appropriate technologies for scalable platform solutions. - Implement best practices for code quality. - 5+ years of experience in enterprise IT. - Python skills. - Strong javascript skills. - Data processing skills (DBs: SQL and NoSQL). - ,3 000-3 500 USD
Бэкенд-разработчик на Python,https://hh.ru/vacancy/35564589?query=python, Канобу,"Формализация желаний людей, далеких от разработки. Проектирование архитектурных решений. Разработка нового функционала проекта. Оптимизация кода (профилирование, анализ узких мест). Опыт работы с Python и Django. Можно столкнуться с Python 2.7. Опыт работы с реляционными БД (MySQL). ",от 70 000 руб.
Full Stack Python Developer (remote),https://hh.ru/vacancy/35384958?query=python, Nitka Technologies,Design API interfaces. - Evaluate and select appropriate technologies for scalable platform solutions. - Implement best practices for code quality. - 5+ years of experience in enterprise IT. - Python skills. - Strong javascript skills. - Data processing skills (DBs: SQL and NoSQL). - ,3 000-3 500 USD
Старший разработчик Python,https://hh.ru/vacancy/35447201?query=python,ООО Мандарин,"Проектировать и реализовывать REST API для внутреннего и внешнего использования. Разрабатывать административные интерфейсы к сервисам компании. Анализировать и оптимизировать производительность...Знание Python, опыт работы с SQLAlchemy и PostgreSQL, Celery, Redis, RabbitMQ. Опыт использования и разработки Web-сервисов – REST, JSON-RPC...",200 000-250 000 руб.
Machine Learning Developer (AWS),https://hh.ru/vacancy/35159018?query=python,ООО ClearScale,"We are hiring for a 2-year-long project related to a migration from a 3rd party cloud to...Hands-on experience with ElasticSearch. Hands-on experience with advanced Python data frameworks (Seaborn, PyTorch, Dask). Valid AWS certificates would...",от 320 000 руб.
Python-разработчик,https://hh.ru/vacancy/35310681?query=python, Digitalist PC,"Самостоятельность и инициативность. Опыт работы с вышеупомянутым стеком от 2 лет. Будет плюсом: Знание методологий управления проектами (Agile, Scrum, Kanban...",от 110 000 руб.
Python Web Developer,https://hh.ru/vacancy/34831620?query=python, Soshace,Guarantee of regular payments and reliable clients. We search for clients and do all the paperwork. After the first project...3+ years of professional software development experience with Python. 1+ year of professional experience with Django. ,200 000-300 000 руб.
Python разработчик,https://hh.ru/vacancy/35113433?query=python,ООО Б152,"Участие в разработке системы оценки веб-сайтов и компаний на соответствие российским и международным стандартам по защите персональных данных.Требования: Опыт применения машинного обучения (нейронные сети, байесовских методов и др.) для решения прикладных задач. Хорошее знание Python, Django. ",от 120 000 руб.
Full-Stack Python developer,https://hh.ru/vacancy/35199079?query=python, Sphere Consulting,Work closely with project's data science team to make them as highly productive as possible. Build tools for the...3+ years of Python development expertise. Familiarity with the API’s. Solid knowledge of SQL databases and specifically PostgreSQL...,до 4 000 USD
Программист (Python\Django\HTML\CSS\JS),https://hh.ru/vacancy/35549778?query=python,ООО Портал Каргокс,"...верстка, не было конфликтов в работе других модулей и т.д. Сайт самописный, работает на Django Framework и Python 3.Обязательные требования - Знание языков: Python 3, MySQL, js, HTML, CSS (SCSS, SASS), Системы управления контентом (CMS): Самописные проекты Фреймворки: Django...",от 100 000 руб.
Аналитик данных (middle),https://hh.ru/vacancy/35177110?query=python, Site&Seo,"Организовать сбор данных средствами python из Я.Метрики, Google Analytics, Search Console и других систем. Организовать хранение данных. Организовать представление данных. Писать и оптимизировать SQL запросы. Обработка данных на python или на языке R. Уметь пользоваться сводными таблицами, группировкой. ",до 100 000 руб.
Python developer,https://hh.ru/vacancy/35305845?query=python, EXANTE,Имеете опыт в разработке с использованием python 3.5+. Имеете опыт работы с SQL базами данных (в идеале PostgreSQL). ,от 1 500 EUR
Python (Django) developer,https://hh.ru/vacancy/35245102?query=python, evrone.ru,Команда Evrone занимается продуктовой разработкой на заказ.Хорошее знание Python 3 в целом и Django в частности. Умение пользоваться РСУБД не только через ORM. Наличие опыта проектирования...,до 180 000 руб.
Data Scientist (NLP),https://hh.ru/vacancy/35495820?query=python, M-soft,"Разрабатываем продукты, которые с помощью передовых подходов, алгоритмов и методов NLP решают актуальные задачи, стоящие перед человечеством. Изучаем и реализуем...Хорошая математическая подготовка, знания в области статистики, регрессионного анализа. Опыт программирования на Python от 3 лет. Знание основ SQL. ",3 000-4 000 USD
Программист Python,https://hh.ru/vacancy/35473239?query=python,ООО Продснаб,Разработка парсеров различных сайтов(всего около 50 сайтов). Поддержание парсеров в работоспособном состоянии.Коммуникабельность. Умение работать в команде. Уметь слушать и слышать собеседника/коллегу/руководителя.,от 50 000 руб.
Программисты Kotlin \ Python \ Swift,https://hh.ru/vacancy/35575553?query=python, InterGroup,Разработка под android (Kotlin). Разработка под iOS (swift). Разработка серверной части (python). Отчет о проделанной работе. Код ревью. Оценка ТЗ. Только с высшим образованием. Минимум 1 год работы в Аутсорс компании.,до 80 000 руб.
Python Backend Developer (Remote),https://hh.ru/vacancy/35394135?query=python,ООО АппФоллоу,"Работа с магазинами приложений App Store, Google Play, Mac Store и Amazon Store (парсинг меты приложений, отзывов и др.). Уверенное владение Python, MySQL, MongoDB, Redis. Владение WSGI frameworks, Aiohttp или Asyncio производных. Понимание распределенных/параллельных вычислений. Базовые навыки развертывания...",80 000-160 000 руб.
Web-разработчик,https://hh.ru/vacancy/35101508?query=python, Skolkovo Realty,"Поддерживать и развивать существующие сайты. Осуществлять доработки текущего функционала и добавлять новый. Создавать новые сайты для компании. Оперативно исправлять выявленные...Уверенное знание PHP, Perl, SQL, Git. Владение HTML/CSS/JS (кроссбраузерная верстка, в том числе, на. Bootstrap 3/4). ",30 000-60 000 руб.
Python разработчик,https://hh.ru/vacancy/35298996?query=python,ООО Юнайтед Иншуренс Компани,"Уверенное знание Python. Опыт работы с Django\Flask\asyncio. Опыт работы с PostgreSQL. Писать pytest\unit tests (начим, если не...",80 000-150 000 руб.
Frontend-разработчик,https://hh.ru/vacancy/35281788?query=python,ИП Черкасов Константин Юрьевич,"Требования: - базовое знание ExtJS. - уверенное знание JavaScript (ES5, ES6+). - понимание основных принципов OOP, MVC, MVVM. - ",50 000-90 000 руб.
GoLang (Tarantool + Lua) разработчик,https://hh.ru/vacancy/35272436?query=python, SIA Starbridge,"Знание, как минимум еще одного языка программирования (C/C++, Java, Python, Javascript/Node.js, ...) с опытом промышленной разработки от 2-х...",100 000-200 000 руб.
Разработчик Python + Django,https://hh.ru/vacancy/35281046?query=python, InvestEngine,"Опыт разработки от 3 лет. Python, Django. MySQL/PostgreSQL, Redis, опыт оптимизации запросов. Представление, как устроен современный фронтенд (BEM, React...",100 000-180 000 руб.
Python / DevOps инженер,https://hh.ru/vacancy/35113399?query=python,ООО Б152,"Участие в разработке системы оценки веб-сайтов и компаний на соответствие российским и международным стандартам по защите персональных данных. Опыт построения DevOps-инфраструктуры. Хорошее знание Python. Опыт работы с базами данных MySQL, PostgreSQL. Опыт интеграции с внешними сервисами. ",от 120 000 руб.
Python разработчик,https://hh.ru/vacancy/35253448?query=python,ООО Альфа Лайн,"Разработка модулей и проектов на Django(в том числе правка html/jquery в случае ajax).Python3, django. Html/css/js/jquery/vuejs. Опыт работы class based views.",30 000-50 000 руб.
Python Developer/Data Scientist for a Swiss Startup,https://hh.ru/vacancy/35272187?query=python, Assaia International AG,Write production-grade Python code for our in-house machine learning platform. Participate in code reviews and architecture planning discussions. You have to be very good in at least 1 popular OOP language. Python: understanding of syntax and basics. ,2 000-3 600 USD
Team Lead Python Developer,https://hh.ru/vacancy/35277246?query=python,ООО Юнайтед Иншуренс Компани,"Контроль разработки нового функционала в существующих сервисах. Участие в разработке решений. Построение архитектуры решений. Постановка, декомпозиция, оценка задач. Стек технологий: Python 3, Django, SQL, HTML, CSS, Linux, Git, Flask. Знакомство с Celery. Знание PostgreSql, MongoDB. Опыт построения отказоустойчивых...",от 180 000 руб.
Преподаватель Scratch/JavaScript/Python,https://hh.ru/vacancy/35297595?query=python, IT школа Hello world,"...или Scratch и Python. Готовность осваивать новое и неведомое, стремление к развитию. Опыт в JavaScript или Python очень желателен. ",25 000-45 000 руб.
Python (Django) разработчик,https://hh.ru/vacancy/35157931?query=python,ООО BENOVATE,"Разработка и поддержка web-приложений различной сложности. Доработка и поддержка существующего ПО. Написание автоматических unit-тестов. Документирование кода.Опыт разработки на Python 2.7/3, Django, PostgreSQL. Опыт использования реляционных СУБД и NoSQL-хранилищ. Опыт оптимизации приложений и...",80 000-140 000 руб.
Ведущий программист Python/Django,https://hh.ru/vacancy/35088377?query=python,ООО ДЖАСТ ВОРК,,130 000-200 000 руб.
"Проверяющий преподаватель на курс ""Аналитик данных на Python""",https://hh.ru/vacancy/35282882?query=python, Skillbox,"Проверять работы студентов курсов по курсу ""Аналитик данных на Python"" от Skillbox. Давать обратную связь студентам по выполненным заданиям в...Опыт разработки на Python не менее 2-х лет. Опыт использования NumPy, Pandas, Matplotlib, Seaborn. Опыт использования xml, json, REST...",25 000-60 000 руб.
Ведущий программист Python/Django,https://hh.ru/vacancy/35088428?query=python,ООО ДЖАСТ ВОРК,,130 000-200 000 руб.
В команду ищем React.js разработчика на фронтенд,https://hh.ru/vacancy/35162058?query=python, Whalesburg s.r.o.,"Создание frontend на React.js (bootstrap или foundation). Оптимизировать свой код, писать грамотно изначально. Общение с командой в Slack. Уметь в Docker и микросервисы. Знать и иметь опыт с CI/CD. Уметь работать с видеопотоком на фронте.",60 000-80 000 руб.
Full-Stack Web-Developer / Web-Master,https://hh.ru/vacancy/34649894?query=python, NPBFX Limited,"Разработать и внедрить новое веб-приложение самостоятельно и с привлечением сторонних специалистов. Осуществлять поддержку и развитие всех используемых в проекте...Опыт проектирования и разработки веб-приложений от 3 лет. Уверенное знание веб-технологий (HTML, CSS, JavaScript). Знание LAMP или другого...",100 000-150 000 руб.
Программист Golang,https://hh.ru/vacancy/35159366?query=python,ИП Михеев Антон Михайлович,Разрабатывать программное обеспечение в сфере архитектуры на языке Golang. Выполнять работы в соответствии с графиком производства работ.Знание Golang. Знание Python. Приветствуется хорошее знание высшей математики.,60 000-150 000 руб.
Программист Golang,https://hh.ru/vacancy/35159364?query=python,ИП Михеев Антон Михайлович,Разрабатывать программное обеспечение в сфере архитектуры на языке Golang. Выполнять работы в соответствии с графиком производства работ.Знание Golang. Знание Python.,60 000-150 000 руб.
Программист Golang,https://hh.ru/vacancy/35159363?query=python,ИП Михеев Антон Михайлович,Разрабатывать программное обеспечение в сфере архитектуры на языке Golang. Выполнять работы в соответствии с графиком производства работ.Знание Golang. Знание Python.,60 000-150 000 руб.
Программист Golang,https://hh.ru/vacancy/35159365?query=python,ИП Михеев Антон Михайлович,Разрабатывать программное обеспечение в сфере архитектуры на языке Golang. Выполнять работы в соответствии с графиком производства работ.Знание Golang. Знание Python. Приветствуется хорошее знание высшей математики.,60 000-150 000 руб.
Senior Python Developer (remote),https://hh.ru/vacancy/35589438?query=python, Anchous Drive Recruitment,"Практикуем: Agile, Scrum, Code Review, CI, тесты. Команда: 12 человек (frontend, backend, QA, PM, designers, CTO + founder). Конкретные пожелания к кандидату: Опыт 4+ лет, Python, Celery, Flask, Docker, SQLAlchemy, MySQL/PostrgreSQL. Опыт работы с DevOps частью...",150 000-200 000 руб.
Senior Python Developer (remote),https://hh.ru/vacancy/35589201?query=python, Anchous Drive Recruitment,"Практикуем: Agile, Scrum, Code Review, CI, тесты. Команда: 12 человек (frontend, backend, QA, PM, designers, CTO + founder). Конкретные пожелания к кандидату: Опыт 4+ лет, Python, Celery, Flask, Docker, SQLAlchemy, MySQL/PostrgreSQL. Опыт работы с DevOps частью...",150 000-200 000 руб.
Full stack web разработчик,https://hh.ru/vacancy/35391047?query=python,ИП Pegas Research,Выполненные проекты могут быть использованы Вами в качестве портфолио. Также Вы приобретёте ценный опыт командной работы. Хорошее владение HTML5...,до 40 000 руб.
Python Backend разработчик / Data engineer (Удаленно),https://hh.ru/vacancy/34124359?query=python,ООО Алитикс,"Развитие системы сбора и подготовки данных. Имплементация ETL, Data пайплайнов внутри нашего Greenplum DWH. Работа с внешними площадками и внутренними...Опыт создания REST API. Опыт использования docker. Отличные знания python, SQL. Пользователь Linux на уровне продвинутого пользователя. Навыки в рефакторинге...",от 120 000 руб.
Full stack developer (Python / Django / Vue),https://hh.ru/vacancy/35305860?query=python, EXANTE,"Задачи касаются разработки внутренних сервисов платформы - CRM и личного кабинета пользователя.Практический опыт применения Django, Python 2/3 и знание одного из JS и фреймворков. Интересные проекты в резюме, над которыми...",от 1 200 EUR
Data Analyst / Аналитик,https://hh.ru/vacancy/35282814?query=python,ООО Раксел Телематикс,Анализ и оптимизация существующих алгоритмов работы с геоданными и данными сенсоров мобильных телефонов.Аналитический склад ума. Начальные знания SQL (можем обучить). Начальные знания Python/R. Опыт работы с визуализационными BI инструментами является плюсом...,50 000-50 000 руб.
Специалист по автоматизированному тестированию/ Python QA automation engineer,https://hh.ru/vacancy/34909488?query=python, Лаборатория качества,Опыт автоматизации тестирования от 1 года. Опыт разработки на Python. Опыт работы с Pytest/Selenium/Appium. Опыт работы с Mac...,до 70 000 руб.
Специалист по автоматизированному тестированию/ Python QA automation engineer,https://hh.ru/vacancy/34970199?query=python, Лаборатория качества,Опыт автоматизации тестирования от 1 года. Опыт разработки на Python. Опыт работы с Pytest/Selenium/Appium. Опыт работы с Mac...,до 70 000 руб.
Специалист по автоматизированному тестированию/ Python QA automation engineer,https://hh.ru/vacancy/34011719?query=python, Лаборатория качества,Опыт автоматизации тестирования от 1 года. Опыт разработки на Python. Опыт работы с Pytest/Selenium/Appium. Опыт работы с Mac...,до 70 000 руб.
Специалист по автоматизированному тестированию/ Python QA automation engineer,https://hh.ru/vacancy/34488507?query=python, Лаборатория качества,Опыт автоматизации тестирования от 1 года. Опыт разработки на Python. Опыт работы с Pytest/Selenium/Appium. Опыт работы с Mac...,до 70 000 руб.
Специалист по автоматизированному тестированию/ Python QA automation engineer,https://hh.ru/vacancy/34909489?query=python, Лаборатория качества,Опыт автоматизации тестирования от 1 года. Опыт разработки на Python. Опыт работы с Pytest/Selenium/Appium. Опыт работы с Mac...,до 70 000 руб.
Фронтенд разработчик,https://hh.ru/vacancy/35580872?query=python,ООО Астра Студио,Имеете опыт работы с jQuery. Ваши дополнительные плюсы: Опыт работы с Python/Django. Опыт разработки пользовательских сайтов или приложений с...,от 40 000 руб.
Фронтенд разработчик,https://hh.ru/vacancy/35580873?query=python,ООО Астра Студио,Имеете опыт работы с jQuery. Ваши дополнительные плюсы: Опыт работы с Python/Django. Опыт разработки пользовательских сайтов или приложений с...,от 40 000 руб.
Data Engineer / Разработчик со знанием PostgreSQL,https://hh.ru/vacancy/35183253?query=python, Valiotti Analytics,"Ежедневно создавать новые и редактировать старые процедуры на основе текущих для наполнения таблиц хранилища. Ежедневно видоизменять процедуры на SQL для...Уверенное владение SQL (проверяем на тестах). Опыт разработки ETL, проектирования и разработки хранилищ данных и аналитической отчетности (просим рассказать Ваши...",70 000-100 000 руб.
Ведущий системный администратор,https://hh.ru/vacancy/35298269?query=python,ООО Айпи Сервер,Решение текущих запросов через собственную систему тикетов (L1+L2+L3 уровни). - Администрирование серверов и большого спектра прикладного...Обязательно (хотя бы базовое) знание каких-либо языков программирования или умение писать скрипты (Bash или Perl или Python и т...,60 000-90 000 руб.
Ведущий системный администратор,https://hh.ru/vacancy/35297849?query=python,ООО Айпи Сервер,Решение текущих запросов через собственную систему тикетов (L1+L2+L3 уровни). - Администрирование серверов и большого спектра прикладного...Обязательно (хотя бы базовое) знание каких-либо языков программирования или умение писать скрипты (Bash или Perl или Python и т...,60 000-90 000 руб.
Инженер службы поддержки,https://hh.ru/vacancy/35110520?query=python, Smart Development Ltd,"техническая поддержка клиентов. - cвоевременная передача отчетов дежурному инженеру следующей смены. - обеспечение бесперебойной работы сервисов центра обработки данных. - выполнение плановых процедур...Базовые знания PHP - приветствуется. - Опыт написания скриптов на Bash или Python для задач автоматизации. - Хорошие навыки работы с сетями, знание...",1 500-2 500 USD
Тестировщик ПО (Middle),https://hh.ru/vacancy/35349722?query=python,ООО Строительный Двор,"Разработка, использование и поддержка автоматизированных сценариев тестирования. Тесное взаимодействие с коллегами по отделу QA, разработчиками, аналитиками и другими участниками процесса...Понимание принципов работы web приложений. Владение Javascript и одним из языков Python или Java. Знание Puppeteer, Selenium или аналогичных инструментов. ",40 000-80 000 руб.
Программист-разработчик,https://hh.ru/vacancy/35521692?query=python, LAN,"You are more than proficient in Java/Scala/Python and hands-on JavaScript, ReactJS, HTML, CSS experiences is a plus. ",1 500-3 000 USD
Помощник руководителя со знанием Excel и программирования (удаленно),https://hh.ru/vacancy/35094011?query=python,ООО Рулонг,"Работа с Excel, гугл таблицами и базами данных. Администрирование корпоративной сети. Консультирование пользователей по вопросам настройки программ и пользования компьютером. Знания и умения работы в Excel и гугл таблицах. Знания языка программирования JavaScript, PHP, Python, Html. Умение работать со средствами...",от 5 000 руб.
Сетевой администратор/Сетевой инженер,https://hh.ru/vacancy/35570607?query=python,ООО Виртуальные инфраструктуры,"сопровождение сетевой инфраструктуры. - участие в развитии инфраструктуры. - участие в проектах в качестве сетевого администратора. - техническая поддержка клиентов (2-3 линия). Линукс. - навыки программирования/написания скриптов (sh, awk, python). Общие навыки: - опыт работы в виртуальной среде. - английский язык: чтение документации, техническая...",от 55 000 руб.
Team‌ ‌Lead‌,https://hh.ru/vacancy/35569432?query=python, EFSOL,Разработка систем для роботизации бизнеса для международного рынка.От 5 лет опыта работы с одной из технологий: .NET (C#);/C++/Python/Go. Знание основ машинного обучения. ,от 150 000 руб.
DevOps engineer (Remote),https://hh.ru/vacancy/35096084?query=python,ООО ClearScale,"ClearScale LLC (штаб-квартира: Сан-Франциско, Калифорния, США) - AWS Premier Consulting Partner, уже более 10 лет предлагает полный спектр профессиональных...Databases: various SQL и NoSQL hands on experience. -- Scripting: bash, python as an advantage. -- CI/CD: Jenkins, TeamCity as an...",от 180 000 руб.
Data Analyst,https://hh.ru/vacancy/32972969?query=python, Skyeng,"...продуктовых и бизнес-метрик. Работы с системами событийной аналитики. Проведения AB-тестов и статистической обработки их результатов. Программирования на Python.Разобраться в предметной области, изучить терминологию и понять, как всё устроено. Расставлять приоритеты и управлять своим временем. Здорово, если у...",до 120 000 руб.
Технический дизайнер уровней (Houdini Generalists),https://hh.ru/vacancy/35542314?query=python, CarX Technologies,"Прототипирование больших городских участков: дороги + обочина + террейн + окружение. Алгоритмическое построение объектов сцены с использование скриптов. Понимание принципов и целей оптимизации геометрии, опыт в создании объектов по референсам. Навыки программирования или написания сценариев (Hscript или python). ",от 130 000 руб.
IT-директор (СТО),https://hh.ru/vacancy/35465361?query=python,ООО Гибрид,"Сбор, анализ и систематизация требований от заказчика. Постановка задач разработчикам IT-департамента на “понятном языке”. Управление ходом реализации проекта: сроками...Готовы переехать к нам (рассмотрим релокацию). C#. Web API. PostgreSQL. Python. ASP.NET. ООП. JS. HTML5. Git. И т.д.",100 000-150 000 руб.
Senior Product analyst,https://hh.ru/vacancy/30620249?query=python, Skyeng,"проектировать и проводить эксперименты в digital-продуктах и операционных процессах. — анализировать данные, находить инсайты и давать рекомендации по развитию продукта...Будет большим плюсом.",от 110 000 руб.
Senior Product analyst,https://hh.ru/vacancy/30620277?query=python, Skyeng,"проектировать и проводить эксперименты в digital-продуктах и операционных процессах. — анализировать данные, находить инсайты и давать рекомендации по развитию продукта...Будет большим плюсом.",от 110 000 руб.
Senior Product analyst,https://hh.ru/vacancy/35511605?query=python, Skyeng,"проектировать и проводить эксперименты в digital-продуктах и операционных процессах. — анализировать данные, находить инсайты и давать рекомендации по развитию продукта...Будет большим плюсом.",от 110 000 руб.
Технический дизайнер уровней(Houdini Generalists),https://hh.ru/vacancy/35495528?query=python, CarX Technologies,"Прототипирование больших городских участков: дороги + обочина + террейн + окружение. Алгоритмическое построение объектов сцены с использование скриптов. Понимание принципов и целей оптимизации геометрии, опыт в создании объектов по референсам. Навыки программирования или написания сценариев (Hscript или python). ",от 110 000 руб.
Специалист технической поддержки хостинга,https://hh.ru/vacancy/35533695?query=python,ООО Серверные Технологии,"Поддержка и мониторинг обслуживаемых компанией серверов (работа в команде, более 500 серверов). Взаимодействие с клиентами, работа с тикетами. Более 3 лет опыта администрирования *nix (преимущественно CentOS и Ubuntu). Опыт администрирования Windows Server приветствуется. Опыт администрирование основных сервисов (FTP...",от 40 000 руб.
Специалист технической поддержки хостинга,https://hh.ru/vacancy/35533696?query=python,ООО Серверные Технологии,"Поддержка и мониторинг обслуживаемых компанией серверов (работа в команде, более 500 серверов). Взаимодействие с клиентами, работа с тикетами. Более 3 лет опыта администрирования *nix (преимущественно CentOS и Ubuntu). Опыт администрирования Windows Server приветствуется. Опыт администрирование основных сервисов (FTP...",от 40 000 руб.
Специалист технической поддержки хостинга,https://hh.ru/vacancy/35533697?query=python,ООО Серверные Технологии,"Поддержка и мониторинг обслуживаемых компанией серверов (работа в команде, более 500 серверов). Взаимодействие с клиентами, работа с тикетами. Более 3 лет опыта администрирования *nix (преимущественно CentOS и Ubuntu). Опыт администрирования Windows Server приветствуется. Опыт администрирование основных сервисов (FTP...",от 40 000 руб.
Автор работ по программированию (Python),https://hh.ru/vacancy/35042478?query=python, Homework,"Высшее образование (наличие ученой степени или звания - желательно). Опыт написания работ, или опыт преподавания в учебных заведениях будет Вашим преимуществом. ",до 90 000 руб.
Ruby on Rails developer,https://hh.ru/vacancy/35147955?query=python, evrone.ru,"Не представлять себе разработку без тестов. Возможности посещения и участия в мероприятиях.Знания, опыт коммерческой и командной разработки на Ruby/RoR. Знания, опыт использования баз данных (не только через ORM). ",80 000-220 000 руб.
Software Documentation Developer,https://hh.ru/vacancy/32618729?query=python, documentat.io,"User manuals for desktop applications and web-based solutions. Deployment/installation instructions for Linux-based server applications. Apart from that...Experience with at least two of the following languages: Python, JavaScript, PHP, Java. Excellent written Russian: no spelling mistakes, capability...",80 000-120 000 руб.
DevOps Engineer,https://hh.ru/vacancy/35458586?query=python,ООО ЦИФРА,Оценка и улучшение процесса развёртывания. Изменение существующих скриптов для развёртывания. Поддержание стабильного качества продуктов и непрерывности процесса поставки. Опыт работы в области системного инжиниринга и администрирования. Глубокое знание Linux систем. Опыт написания скриптов на Bash / Python. ,2 000-4 000 USD
Web-программист,https://hh.ru/vacancy/35486204?query=python, Делегатор 24,"Создание сайтов и интернет-магазинов на CMS Wordpress, Joomla, Opencart, 1C Битрикс, NetCat. Редактирование контента в CMS системах. Знание и понимание HTML, CSS, PHP, XML, SQL, JS/JQuery (опционально Python/NodeJS). Опыт интеграций сервисов, web api. ",30 000-50 000 руб.
FullStack-разработчик (Django/React),https://hh.ru/vacancy/35438056?query=python, Yael Consulting,"Фронтенд: React, MobX-State-Tree, Material-UI. - Разворачивание dev и prod сред с помощью Docker. - CI/CD с помощью GitLab. Уверенное знание английского языка. Все сотрудники общаются только на английском. - Отвественность. Работа полностью удалённая, сотрудники в разных часовых поясах (Восточная...",100 000-150 000 руб.
"Программист Python, API-интеграции (разработка сервисов и веб-приложений)",https://hh.ru/vacancy/35423756?query=python,ООО ИнфоКом,"В основном бекенд, интеграция разных сервисов между собой и с Битрикс24. Создание отраслевых решений и приложений для Битрикс24. ",до 40 000 руб.
Web-разработчик (frontend),https://hh.ru/vacancy/35456784?query=python,ООО Смартер,"Модуль дозвона. Выдаёт операторам звонки так, чтобы базы хватило на всех, и никто не сидел без дела. — Модуль сценариев. Опыт работы по frontend от 3 лет. Опыт разработки Vue.js. ES6+, HTML, CSS, SCSS. Опыт разработки SPA. ",до 90 000 руб.
Преподаватель по программированию,https://hh.ru/vacancy/34573316?query=python, IT школа Hello world,"Готовность осваивать новое и неведомое, стремление к развитию. Знание HTML, CSS, JavaScript, Python или аналогичных языков. Приветствуется: Опыт работы преподавателем. ",25 000-45 000 руб.
"Senior Full-Stack Developer (PHP, JS, Laravel)",https://hh.ru/vacancy/35469910?query=python, AdIntelligence Limited,"Design architectures for HTTP APIs and services. Write unit and functional tests to ensure the quality of our software. You have experience with other backend languages: Go, Node.JS, Python, Ruby, etc. Knowledge of relational databases (MySQL, PostgreSQL). ",от 3 000 USD
Java-разработчик,https://hh.ru/vacancy/35438131?query=python,ИП Шпак Виктория Сергеевна,"Проекты связаны с разработкой программных продуктов для цифрового сельского хозяйства. - проектирование и разработка новых, а также доработка старых приложений (80...Будет плюсом: - опыт применения Thymleaf и Bootstrap. - умение читать код на Python 2/3. - критическое отношение к своему коду. - ",120 000-150 000 руб.
DevOps Engineer,https://hh.ru/vacancy/35418177?query=python, Helastel,"Вам предстоит целиком развернуть high-load инфраструктуру проекта, используя Kubernetes (Docker) и GitLab для стабильной работы в режимах разработки и...Знание configuration management systems (Ansible). Умение писать на скриптовых языках (Python, Bash, +yaml). Опыт работы с оборудованием firewall (iptables, ipchains...",от 200 000 руб.
DevOps,https://hh.ru/vacancy/35407438?query=python, Университет Иннополис,"Поддержка и участие в процессе разработки в кросс-функциональной команде. Участие в выборе компонентов для построения требуемой функциональности. Опыт построения CI, CD процессов. Глубокое понимание Docker, Kubernetes, PowerShell, Bash,Python, conan/rpm/deb. Знание Git. Знакомство с S...",80 000-120 000 руб.
L1 operations engineer,https://hh.ru/vacancy/35422414?query=python, LifeStreet Corporation,"Знание работы веб-серверов (Apache, ngnix, Tomcat). Опыт программирования (bash, perl, python, etc.). Знание DNS. Технический английский. Желательно: Высшее образование...",40 000-55 000 руб.
Junior Python Developer (Swiss AI Startup),https://hh.ru/vacancy/35377689?query=python, Assaia International AG,"Write production-grade Python code for our in-house machine learning platform. Participate in code reviews and architecture planning discussions. ...popular OOP language (Python, Java, C++). Main skills: University-level knowledge of data structures and algorithms. Python: at least, understanding...",1 300-2 100 USD
Machine Learning Developer (AWS),https://hh.ru/vacancy/35380438?query=python,ООО ClearScale,"We are hiring for a 2-year-long project related to a migration from a 3rd party cloud to...Hands-on experience with ElasticSearch. Hands-on experience with advanced Python data frameworks (Seaborn, PyTorch, Dask). Valid AWS certificates would...",от 320 000 руб.
Преподаватель IT-дисциплин,https://hh.ru/vacancy/35390359?query=python, EasyPro Academy,"Автоматизированная онлайн-система ведения курса (допуск к урокам, домашним заданиям, контроль выполнения и т.д.). Материалы для уроков и интерактивные...Высшее или неоконченное высшее образование. Рассматриваем также кандидатов из числа студентов не ниже 2-ого курса высшего учебного заведения. ",24 000-52 000 руб.
Технический директор (с навыком - Python),https://hh.ru/vacancy/35382857?query=python," ГДЕЭТОТДОМ.РУ,ООО","ГдеЭтотДом.РУ — интернет портал по недвижимости. Мы занимаемся производством, сбором, обработкой и представлением разнообразной информации по недвижимости, объявления по аренде и...Отличное знание SQL и опыт работы с реляционными базами данных: mysql, postgresql (postgis); знание Oracle приветствуется. Опыт работы с AWS...",120 000-160 000 руб.
Разработчик PostgreSql,https://hh.ru/vacancy/35379133?query=python, Галактика,"Разработка базы данных под управлением Postgresql. Написание хранимых процедур и функций на pgSQL, Python.Опыт работы от 3-x лет. Отличные знания технологий реляционных СУБД и синтаксиса SQL. Опыт программирования .NET C# или Node.js. ",от 100 000 руб.
Python fullstack developer,https://hh.ru/vacancy/35357955?query=python, Elastoo,"Среди наших проектов. - сервис заработка в индустрии киберспорта. - телеграм бот для обмена валютами. - телеграм бот для просмотра своей инвестиционной статистики. - Умение быстро прототипировать фичи. - Работа с одним из фреймворков Python Sanic, Python Django. - Уверенное понимание принципов работы БД Mongodb, Postgresql. - ",50 000-70 000 руб.
Ведущий разработчик PostgreSql,https://hh.ru/vacancy/35371216?query=python, Галактика,"Разработка базы данных под управлением Postgresql. Написание хранимых процедур и функций на pgSQL, Python.Опыт работы от 3-x лет. Отличные знания технологий реляционных СУБД и синтаксиса SQL. Опыт программирования .NET C# или Node.js. ",120 000-170 000 руб.
NLP Research Scientist,https://hh.ru/vacancy/35349418?query=python,ИП Вовченко Е. А.,"ACTNext has an opening for a NLP Research Scientist in the AI and Machine Learning group. This newly established group...Expertise in coding and software development utilizing Python and or R, Java, C, C++. Experience in educational simulations and games...",от 180 000 руб.
Back end разработчик (Middle),https://hh.ru/vacancy/35075371?query=python, Uplab,"Разработка, поддержка и развитие проектов на CMS 1C-Битрикс: ORM, HL, ООП-компоненты, модули, интеграция верстки, работа с шаблонизаторами...Опыт работы на CMS 1С-Битрикс (D7) от 2 лет. PHP 7, MySQL, HTML5/CSS3/, JavaScript...",80 000-120 000 руб.
Golang engineer,https://hh.ru/vacancy/35339532?query=python,ООО Fortu Wealth,"Will be a plus if you have: Worked in start-ups before. Experience with other programming languages, such as Python...",2 000-3 000 USD
Backend-разработчик Node.js,https://hh.ru/vacancy/34924332?query=python,ООО Мой Стенд,"Реализовывать бизнес-логику приложений. Создавать микросервисы и их интеграцию с приложениями. Проводить код-ревью, участвовать в технических обсуждениях.Опыт продакшн-разработки от 1 года. Опыт разработки на Node.js, NestJS, TypeScript/JavaScript. Знание принципов REST. Опыт с системами контроля...",от 100 000 руб.
Junior PHP Developer,https://hh.ru/vacancy/35355643?query=python, TR Logic LLC,"Проектирование, разработка, тестирование и поддержка кода на PHP. Проектирование и улучшение структуры БД для масштабируемых и высоконагруженных сервисов. Понимание SOLID, OOP, MVC, Git Flow. Приветствуется опыт в Python, Ruby, TypeScript, Go, Rust. Приветствуется опыт работы с Memcached, Twig. ",от 1 000 EUR
Middle+/Senior Java developer,https://hh.ru/vacancy/35346990?query=python,ООО Максилект,"Покрытие тестами. Решать нетривиальные и нестандартные задачи. Планируемый технологический стек: Участие в HR-программах.Технологии и стандарты: REST, JWT, Docker, Unix. Сборка: Maven. Желательно: Знание Python, Jython. Знание PaaS (Cloud Foundry, Predix). ",от 140 000 руб.
Senior full-stack разработчик,https://hh.ru/vacancy/35314384?query=python,ИП Олевский Арсений Евгеньевич,"Опыт работы на других языках бэкенда: Node.JS, Python. Знание и опыт работы с реляционной БД (PostgreSQL). Опыт работы с высоконагруженными...",до 180 000 руб.
Тестировщик ПО/ QA Engineer,https://hh.ru/vacancy/35251914?query=python,ООО ГК Д.А. Консалт,"Автоматизировать процесс тестирования продукта (на базе selenium или подобных решений, через веб интерфейс, конвейер на базе Jenkins . Написание тестов по...Владение программами : Selenium, Jenkins, jira, shell windows, bash, (ЯП java, python мб другой). Самостоятельность, быстро обучаемость, хорошее логическое мышление, инициативность...",80 000-120 000 руб.
QA Engineer,https://hh.ru/vacancy/35281226?query=python, InvestEngine,Оптимизировать и настраивать процессы тестирования внутри команды. Заниматься функциональным тестированием Web приложения и на платформах iOS/Android и отслеживать качество...Способность работать без тест-планов и документации. Опыт автоматизации процесса тестирования (selenium + python) от 1 года. Аналитический склад ума...,60 000-100 000 руб.
Программист-разработчик (Middle / Pre-Middle),https://hh.ru/vacancy/35301579?query=python,ООО PLDMT,"Оперативно отвечаем на вопросы. Члены команды уважительно относятся друг к другу и всегда заранее предупреждают, если нужно уйти в offline. Как будем работать: Взаимодействие происходит через Telegram и Trello, ТЗ — в гугл.доках.. Что нужно знать: Php. Html. JavaScript. MySql. ",100-500 USD
Преподаватель по программированию,https://hh.ru/vacancy/35297472?query=python, IT школа Hello world,"Готовность осваивать новое и неведомое, стремление к развитию. Знание HTML, CSS, JavaScript, Python или аналогичных языков. Приветствуется: Опыт работы преподавателем. ",25 000-45 000 руб.
Back-End Developer,https://hh.ru/vacancy/31307138?query=python, TR Logic LLC,"проектирование, разработка, тестирование и поддержка бэкендов веб-проектов на языке Rust. - проектирование структур баз данных. - разработка модулей к существующим проектам.приветствуется опыт работы по CQRS+ES парадигме. - приветствуется опыт работы с другими языками Python, Ruby, TypeScript, JavaScript. - желание активно развиваться и...",от 2 000 EUR
Backend Software Engineer,https://hh.ru/vacancy/35327294?query=python, Percona,"Brainstorm with designers, architects, and product managers to build and tweak functionality. Participate in code and design reviews, teaching and...2+ years programming in Golang (preferred), Java, Python with excellent programming fundamentals. Test-driven and zealous about testing. ",от 200 000 руб.
Backend Software Engineer,https://hh.ru/vacancy/35327295?query=python, Percona,"Brainstorm with designers, architects, and product managers to build and tweak functionality. Participate in code and design reviews, teaching and...2+ years programming in Golang (preferred), Java, Python with excellent programming fundamentals. Test-driven and zealous about testing. ",от 200 000 руб.
Frontend-разработчик,https://hh.ru/vacancy/35281440?query=python, InvestEngine,"Разработка пользовательских интерфейсов в стеке React + Redux. Участие в code-review frontend команды. Участие в проектирование и доработке архитектуры...Опыт разработки от 3 лет. Отличное знание ES6+. Опыт работы с любым современным фреймворком для фронтенд-приложений, мы...",100 000-200 000 руб.
Rust Developer,https://hh.ru/vacancy/31308665?query=python, TR Logic LLC,"проектирование, разработка, тестирование и поддержка бэкендов веб-проектов. - разработка высокопроизводительных низкоуровневых элементов ПО. - проектирование структур баз данных. - разработка модулей к...приветствуется опыт работы с другими языками Java, Go, Python, Ruby, TypeScript, JavaScript. - желание активно развиваться и изучать новое. - ",от 2 000 EUR
DevOps engineer (Remote),https://hh.ru/vacancy/35321951?query=python,ООО ClearScale,"ClearScale LLC (штаб-квартира: Сан-Франциско, Калифорния, США) - AWS Premier Consulting Partner, уже более 10 лет предлагает полный спектр профессиональных...Databases: various SQL и NoSQL hands-on experience. -- Scripting: bash, python as an advantage. -- CI/CD: Jenkins, TeamCity as an...",от 180 000 руб.
DevOps engineer (Remote),https://hh.ru/vacancy/35321905?query=python,ООО ClearScale,"ClearScale LLC (штаб-квартира: Сан-Франциско, Калифорния, США) - AWS Premier Consulting Partner, уже более 10 лет предлагает полный спектр профессиональных...Databases: various SQL и NoSQL hands on experience. -- Scripting: bash, python as an advantage. -- CI/CD: Jenkins, TeamCity as an...",от 180 000 руб.
DevOps engineer (Remote),https://hh.ru/vacancy/35321867?query=python,ООО ClearScale,"ClearScale LLC (штаб-квартира: Сан-Франциско, Калифорния, США) - AWS Premier Consulting Partner, уже более 10 лет предлагает полный спектр профессиональных...Databases: various SQL и NoSQL hands on experience. -- Scripting: bash, python as an advantage. -- CI/CD: Jenkins, TeamCity as an...",от 180 000 руб.
Специалист отдела системного администрирования,https://hh.ru/vacancy/35292947?query=python, Finbridge,"Администрирование Kubernetes кластера. Автоматизация задач администрирования, написание скриптов (bash, PowerShell, python, php, Go). Администрирование MSSQL 2012/2017. Обеспечение бесперебойной работы...Опыт администрирования в сфере ИТ — от 3 лет. Умение работать с Jira, Confluence, Docker, Git. Опыт администрирования Windows Server, Linux...",до 80 000 руб.
Специалист отдела системного администрирования,https://hh.ru/vacancy/35292948?query=python, Finbridge,"Администрирование Kubernetes кластера. Автоматизация задач администрирования, написание скриптов (bash, PowerShell, python, php, Go). Администрирование MSSQL 2012/2017. Обеспечение бесперебойной работы...Опыт администрирования в сфере ИТ — от 3 лет. Умение работать с Jira, Confluence, Docker, Git. Опыт администрирования Windows Server, Linux...",до 80 000 руб.
Специалист отдела системного администрирования,https://hh.ru/vacancy/35292949?query=python, Finbridge,"Администрирование Kubernetes кластера. Автоматизация задач администрирования, написание скриптов (bash, PowerShell, python, php, Go). Администрирование MSSQL 2012/2017. Обеспечение бесперебойной работы...Опыт администрирования в сфере ИТ — от 3 лет. Умение работать с Jira, Confluence, Docker, Git. Опыт администрирования Windows Server, Linux...",до 80 000 руб.
PHP Developer,https://hh.ru/vacancy/31776172?query=python, TR Logic LLC,"проектирование, разработка, тестирование и поддержка кода на PHP. - проектирование структур баз данных. - разработка модулей к существующим проектам. - улучшение существующего кода...приветствуется понимание TDD, BDD, опыт автоматизированного тестирования. - приветствуется опыт работы с другими языками Python, Ruby, TypeScript, Go, Rust. - ",от 1 500 EUR
DevOps engineer (Remote),https://hh.ru/vacancy/35299140?query=python,ООО ClearScale,"ClearScale LLC (штаб-квартира: Сан-Франциско, Калифорния, США) - AWS Premier Consulting Partner, уже более 10 лет предлагает полный спектр профессиональных...Databases: various SQL и NoSQL hands on experience. -- Scripting: bash, python as an advantage. -- CI/CD: Jenkins, TeamCity as an...",от 180 000 руб.
"Product manager (SaaS, Eng)",https://hh.ru/vacancy/35271147?query=python,ООО Трастид Т,"The Ultimate goal - создать в компании процесс непрерывных улучшений Продуктов для достижения целей бизнеса, включая рост LTV и снижение Churn. Умение оценить влияние реализуемой функциональности на смежные бизнес процессы. Будет плюсом: Умение самостоятельно выбрать и обработать данные (SQL, Python).",от 200 000 руб.
Application Security Engineer (Security Team),https://hh.ru/vacancy/35272224?query=python, Coins.ph,"Implement SSDLC in fast-growing company for web and mobile applications. Design and implement new security solutions, tools to protect...Experience in using scripting languages e.g. Python, Golang to automate tasks and manipulate data. In-depth knowledge of OWASP...",3 700-6 500 USD
Infrastructure Security Engineer (Security Team),https://hh.ru/vacancy/35271987?query=python, Coins.ph,"Knows how to build continuous monitoring of cloud infrastructure. Experienced with MDM solutions. Drive technical innovation and efficiency in infrastructure...Experience in using scripting languages like Python, Golang to automate tasks and manipulate data. Excellent problem solving skills. ",3 500-6 700 USD
Программист нейросетей по обработке изображений,https://hh.ru/vacancy/35184633?query=python, AMS Software,"...объектов, распознавания лиц. Организация процесса разработки и подготовки для внедрения полученных моделей в приложения. Написание кода на Python и C++.Разрабатка и обучение моделей компьютерного зрения на основе нейронных сетей для детекции лиц, глаз и тд. Знание современных технологий машинного...",от 160 000 руб.
Координатор онлайн-курсов,https://hh.ru/vacancy/35238569?query=python,ООО Технологии в образовании,"Детально разобраться в обучающей платформе, тематике курса, всех процессах организации обучения и отвечать на вопросы клиентов в почте и чатах. Знание Python на базовом уровне (типы данных, синтаксис циклов и функций). Аккуратность и пунктуальность. Грамотная письменная и устная речь. ",25 000-35 000 руб.
Разработчик мобильных приложений на Android (удаленно),https://hh.ru/vacancy/35224528?query=python,ООО Байкал-Веб,"понимание основ разработки backend (nodejs, python, php, go) и баз данных (MongoDB, PostgreSQL, Mysql). - опыт писать Unit-тесты. - ",от 25 000 руб.
Data Analyst for a Swiss AI Startup,https://hh.ru/vacancy/35185209?query=python, Assaia International AG,"Doing explorative analysis on individual customers’ datasets to find anomalies, dependencies and other interesting insights. Doing comparative analysis on different...Curious and gets energy from proactively exploring large datasets for interesting insights. Has experience in Python. Has experience with data...",2 000-3 000 USD
Golang Engineer (Wallet Team),https://hh.ru/vacancy/35234435?query=python, Coins.ph,"Experience with Agile Product Development processes and individual contribution. Go and Python as main Programming Languages for the majority of...4+ years of relevant experience as a Software Engineer with a strong team. Understanding and practically using SOLID, GRASP...",3 700-6 500 USD
Frontend-разработчик React,https://hh.ru/vacancy/35207676?query=python,ООО Мой Стенд,"Сайт - mystand.io. Разрабатывать интерфейс веб-сервисов. Проводить код-ревью, участвовать в технических обсуждениях.Компания MYSTAND работает на рынке IT c 2010 года. Портфолио - www.behance.net/MyStand. Опыт продакшн-разработки от 1 года. ",от 90 000 руб.
Ведущий технический писатель / DocOps engineer,https://hh.ru/vacancy/32892298?query=python, documentat.io,"Наша компания занимается заказной разработкой технической документации. Мы помогаем другим IT-компаниям документировать API и SDK, писать руководства для пользователей...Будет здорово, если вы писали текстовые трансформации на Python или создавали расширения/плагины к своим любимым SSG. Владение CSS, JavaScript...",120 000-150 000 руб.
Infrastructure Engineer,https://hh.ru/vacancy/35232734?query=python, Ton Labs,"Maintains, monitors, and supports the infrastructure environment. Develops enhanced production monitoring and additional capability. Defines improvements increased system reliability and...Experience developing software or scripting with Java, Javascript, Python or UNIX shell. Experience with NoSQL and SQL databases. ",от 150 000 руб.
Database Administrator (PostgreSQL),https://hh.ru/vacancy/35238896?query=python, Coins.ph,"Administration of PostgreSQL databases throughout the development and production lifecycles (cluster creation, maintenance, configuration). Design and develop logical and physical...Skills to write some code to fulfil DBA team needs (bash, python, go, lua). Docker and related technologies (Kubernetes, docker...",3 700-6 500 USD
Account-manager,https://hh.ru/vacancy/35215591?query=python, YoRich,"Совмещение с другой работой крайне нежелательно.Умеете участвовать в неудобных переговорах. Умеете работать с дебиторской задолженностью. Специалист высокого уровня, с пониманием специфики разработки IT проектов (веб...",от 50 000 руб.
DevOps Specialist (IT Operations Team),https://hh.ru/vacancy/35234222?query=python, Coins.ph,"Go and Python as main Programming Languages for the majority of our backend. Kubernetes is enhanced with Monitoring(Prometheus), vertical...Experience with remote work and good self-discipline. Go/Python programming languages on good level. THINGS TO DO. Remote work. ",3 700-6 500 USD
Distributed Systems Engineer/Developer,https://hh.ru/vacancy/35018694?query=python, Hunt For You,"A Distributed Systems Engineer with experience in building high-performing, scalable, enterprise-grade applications. You will be responsible for building...BS/MS degree in Computer Science, Engineering or a related subject. 5+ years of industry experience. Experience in building...",5 500-6 500 USD
Web-программист,https://hh.ru/vacancy/35185459?query=python,ИП Олевский Арсений Евгеньевич,"Выбор стека технологий. Разработка API. Выбор БД и оптимизация ее работы.Опыт работы с PHP/Python, MySQL, PostgreSQL. Git, Slack и т.д.",от 80 000 руб.
Разработчик мобильных приложений IOS - Swift (удаленно),https://hh.ru/vacancy/35223231?query=python,ООО Байкал-Веб,"писать качественный код на Swift. - Бонусы в виде купонов на посещение различных заведений (клубов, саун и прочего от наших клиентов).Плюсом будет: - наличие своих / разработанных вами приложений в AppStore. - понимание основ разработки backend (nodejs, python, php, go) и баз данных...",от 25 000 руб.
Systems Support Engineer,https://hh.ru/vacancy/35159137?query=python,ООО ClearScale,"Мониторинг клиентских сред (* NIX-systems): реакция на оповещения, обнаружение ""узких"" мест, анализ графиков и т.п. Предоставление качественного сервиса. Знание LINUX на уровне администратора (NIX-systems protocol family TCP / IP). Знание bash/shell/awk/sed-skripting. Знание английского языка...",от 60 000 руб.
Системный администратор Linux,https://hh.ru/vacancy/35136518?query=python, РОССКО,"Взаимодействие с командой разработчиков. Настройка и мониторинг сервисов. Автоматизация рутинных операций. Автоматизация процессов сборки, тестирования и деплоя приложений.Знание работы Docker, Ansible, систем оркестрации контейнеров. Опыт написания скриптов на bash, python, powershell (приветствуется), etc. Знания и опыт работы...",от 110 000 руб.
DevOps Engineer,https://hh.ru/vacancy/33725176?query=python, TR Logic LLC,"Проектирование, построение, поддержка и развитие в эксплуатации: - высокодоступной инфраструктуры в рамках нескольких датанцетров (на базе Kubernetes). - инструментов жизненного цикла проектов...опыт работы с Grafana. - владение языками программирования (предпочтительно что-то из Python, Go, Rust, Java, PHP). - хорошее понимание принципов кластеризации...",от 2 000 EUR
Аналитик данных,https://hh.ru/vacancy/34636849?query=python, ЦЕНТРОФИНАНС,"Сбор и анализ данных из различных информационных систем (внутренних и внешних). Выявление паттернов. Разработка систем хранения и обработки данных. Опыт программирования на Python, R. Опыт работы с реляционными БД. Опыт работы в ОС Linux. Опыт работы с системами контроля...",от 80 000 руб.
Аналитик данных,https://hh.ru/vacancy/35143278?query=python, ЦЕНТРОФИНАНС,"Сбор и анализ данных из различных информационных систем (внутренних и внешних). Выявление паттернов. Разработка систем хранения и обработки данных. Опыт программирования на Python, R. Опыт работы с реляционными БД. Опыт работы в ОС Linux. Опыт работы с системами контроля...",от 80 000 руб.
Backend разработчик,https://hh.ru/vacancy/35135123?query=python,ООО Маддис,"Верстка сайтов различной сложности. Верстка email-рассылок.Знания Java, C++ (включая современные стандарты, Boost). HTML, JS, CSS. Опыт работы с React Native. Опыт работы c Git. ",от 100 000 руб.
Разработчик .NET (C#),https://hh.ru/vacancy/35103862?query=python, AG Deltaplan,"Разработка и поддержание программного обеспечения. Интеграции с внешними системами. Участие в разработке систем аналитической отчетности и подготовке данных для API.Уверенное владение C#. ЗЗнание платформы Microsoft .NET Core 2.0 и выше. Понимание принципов ООП. Опыт разработки Web-сервисов, понимание...",70 000-80 000 руб.
